configuration_id,item_name,category,inventory_type,units,size,active_state,resource_group_ids,source_page,lot_tracking_state,expiration_tracking_state,storage_location_state,reorder_configuration_state,minimum_stock_configuration_state,description,supplier_manufacturer_catalog,stock_balances,lots_transactions_attachments
116,"Acetonitrile, HPLC (Concord)",Solvents,not_exposed,"[""mL""]","[""4000""]",not_exposed,"[6,8,9]",1,field_present_behavior_not_verified,field_present_behavior_not_verified,field_present_behavior_not_verified,field_present_behavior_not_verified,field_present_behavior_not_verified,omitted,omitted,omitted,not_opened
246,"Acetonitrile, HPLC (Fisher)",Solvents,not_exposed,,,not_exposed,[],1,field_present_behavior_not_verified,field_present_behavior_not_verified,field_present_behavior_not_verified,field_present_behavior_not_verified,field_present_behavior_not_verified,omitted,omitted,omitted,not_opened
152,Alconox Detergent,General Consumables,not_exposed,,,not_exposed,[],1,field_present_behavior_not_verified,field_present_behavior_not_verified,field_present_behavior_not_verified,field_present_behavior_not_verified,field_present_behavior_not_verified,omitted,omitted,omitted,not_opened
277,Blank CBD Flower Biomass,Consumables,not_exposed,,,not_exposed,[],1,field_present_behavior_not_verified,field_present_behavior_not_verified,field_present_behavior_not_verified,field_present_behavior_not_verified,field_present_behavior_not_verified,omitted,omitted,omitted,not_opened
286,Blank Gummy Base Matrix,Consumables,not_exposed,,,not_exposed,[],1,field_present_behavior_not_verified,field_present_behavior_not_verified,field_present_behavior_not_verified,field_present_behavior_not_verified,field_present_behavior_not_verified,omitted,omitted,omitted,not_opened
121,Blank Hemp Flower Matrix,Consumables,not_exposed,,,not_exposed,[],1,field_present_behavior_not_verified,field_present_behavior_not_verified,field_present_behavior_not_verified,field_present_behavior_not_verified,field_present_behavior_not_verified,omitted,omitted,omitted,not_opened
228,Blank Hemp Oil Matrix,Consumables,not_exposed,"[""g""]","[""100""]",not_exposed,[7],1,field_present_behavior_not_verified,field_present_behavior_not_verified,field_present_behavior_not_verified,field_present_behavior_not_verified,field_present_behavior_not_verified,omitted,omitted,omitted,not_opened
287,Blank MCT Oil Matrix,Consumables,not_exposed,,,not_exposed,[],1,field_present_behavior_not_verified,field_present_behavior_not_verified,field_present_behavior_not_verified,field_present_behavior_not_verified,field_present_behavior_not_verified,omitted,omitted,omitted,not_opened
165,"Blank Olive Oil Matrix, neat",Consumables,not_exposed,"[""g""]","[""2.5""]",not_exposed,[8],1,field_present_behavior_not_verified,field_present_behavior_not_verified,field_present_behavior_not_verified,field_present_behavior_not_verified,field_present_behavior_not_verified,omitted,omitted,omitted,not_opened
174,Blank Powdered Gelatin Mix Matrix,Consumables,not_exposed,"[""g""]",,not_exposed,[8],1,field_present_behavior_not_verified,field_present_behavior_not_verified,field_present_behavior_not_verified,field_present_behavior_not_verified,field_present_behavior_not_verified,omitted,omitted,omitted,not_opened
125,"Cellulose powder, microcrystallline",Consumables,not_exposed,"[""g""]","[""1000""]",not_exposed,[8],1,field_present_behavior_not_verified,field_present_behavior_not_verified,field_present_behavior_not_verified,field_present_behavior_not_verified,field_present_behavior_not_verified,omitted,omitted,omitted,not_opened
162,CP - LC Column NexLeaf CBX,Consumables,not_exposed,"[""column""]","[""1""]",not_exposed,[8],1,field_present_behavior_not_verified,field_present_behavior_not_verified,field_present_behavior_not_verified,field_present_behavior_not_verified,field_present_behavior_not_verified,omitted,omitted,omitted,not_opened
129,CP - 13-Cannabinoid Mix,Reference Standards,not_exposed,"[""uL""]","[""1000""]",not_exposed,[8],1,field_present_behavior_not_verified,field_present_behavior_not_verified,field_present_behavior_not_verified,field_present_behavior_not_verified,field_present_behavior_not_verified,omitted,omitted,omitted,not_opened
114,CP - 80:20 ACN:H2O Sol.,Formulation,not_exposed,"[""mL""]","[""250""]",not_exposed,[8],1,field_present_behavior_not_verified,field_present_behavior_not_verified,field_present_behavior_not_verified,field_present_behavior_not_verified,field_present_behavior_not_verified,omitted,omitted,omitted,not_opened
199,CP - Captiva EMR Filter Tubes,Consumables,not_exposed,"[""tubes""]","[""100""]",not_exposed,"[6,8]",1,field_present_behavior_not_verified,field_present_behavior_not_verified,field_present_behavior_not_verified,field_present_behavior_not_verified,field_present_behavior_not_verified,omitted,omitted,omitted,not_opened
128,CP - Custom 12-Phytocannabinoid Mixture CRM,Reference Standards,not_exposed,,,not_exposed,[],1,field_present_behavior_not_verified,field_present_behavior_not_verified,field_present_behavior_not_verified,field_present_behavior_not_verified,field_present_behavior_not_verified,omitted,omitted,omitted,not_opened
250,CP - Mobile Phase A,Formulation,not_exposed,"[""mL""]","[""2000""]",not_exposed,[8],1,field_present_behavior_not_verified,field_present_behavior_not_verified,field_present_behavior_not_verified,field_present_behavior_not_verified,field_present_behavior_not_verified,omitted,omitted,omitted,not_opened
251,CP - Mobile Phase B,Formulation,not_exposed,"[""mL""]","[""5000""]",not_exposed,[8],1,field_present_behavior_not_verified,field_present_behavior_not_verified,field_present_behavior_not_verified,field_present_behavior_not_verified,field_present_behavior_not_verified,omitted,omitted,omitted,not_opened
177,CP - Unbuffered QuEChERS 5.0g,Consumables,not_exposed,"[""packs""]","[""50""]",not_exposed,"[6,8]",1,field_present_behavior_not_verified,field_present_behavior_not_verified,field_present_behavior_not_verified,field_present_behavior_not_verified,field_present_behavior_not_verified,omitted,omitted,omitted,not_opened
178,CP - Unbuffered QuEChERS 7.5g,Consumables,not_exposed,"[""packs""]","[""50""]",not_exposed,[8],1,field_present_behavior_not_verified,field_present_behavior_not_verified,field_present_behavior_not_verified,field_present_behavior_not_verified,field_present_behavior_not_verified,omitted,omitted,omitted,not_opened
137,"Formic Acid, LCMS",Reagents,not_exposed,"[""mL""]","[""50""]",not_exposed,"[6,8,9]",2,field_present_behavior_not_verified,field_present_behavior_not_verified,field_present_behavior_not_verified,field_present_behavior_not_verified,field_present_behavior_not_verified,omitted,omitted,omitted,not_opened
140,"Hexanes, ACS",Solvents,not_exposed,,,not_exposed,[],2,field_present_behavior_not_verified,field_present_behavior_not_verified,field_present_behavior_not_verified,field_present_behavior_not_verified,field_present_behavior_not_verified,omitted,omitted,omitted,not_opened
110,HM - 2.0% Nitric Acid Solution,Formulation,not_exposed,"[""mL""]","[""5100""]",not_exposed,[5],2,field_present_behavior_not_verified,field_present_behavior_not_verified,field_present_behavior_not_verified,field_present_behavior_not_verified,field_present_behavior_not_verified,omitted,omitted,omitted,not_opened
143,HM - 4 HM Mix (ICV Stock),Reference Standards,not_exposed,"[""uL""]","[""100000""]",not_exposed,[5],2,field_present_behavior_not_verified,field_present_behavior_not_verified,field_present_behavior_not_verified,field_present_behavior_not_verified,field_present_behavior_not_verified,omitted,omitted,omitted,not_opened
118,HM - Arsenic (As) ICP Std,Reference Standards,not_exposed,"[""uL""]","[""500000""]",not_exposed,[5],2,field_present_behavior_not_verified,field_present_behavior_not_verified,field_present_behavior_not_verified,field_present_behavior_not_verified,field_present_behavior_not_verified,omitted,omitted,omitted,not_opened
122,HM - Cadmium (Cd) ICP Std,Reference Standards,not_exposed,"[""uL""]","[""500000""]",not_exposed,[5],2,field_present_behavior_not_verified,field_present_behavior_not_verified,field_present_behavior_not_verified,field_present_behavior_not_verified,field_present_behavior_not_verified,omitted,omitted,omitted,not_opened
221,HM - CAL1,Formulation,not_exposed,"[""mL""]","[""40""]",not_exposed,[5],2,field_present_behavior_not_verified,field_present_behavior_not_verified,field_present_behavior_not_verified,field_present_behavior_not_verified,field_present_behavior_not_verified,omitted,omitted,omitted,not_opened
220,HM - CAL2,Formulation,not_exposed,"[""mL""]","[""40""]",not_exposed,[5],2,field_present_behavior_not_verified,field_present_behavior_not_verified,field_present_behavior_not_verified,field_present_behavior_not_verified,field_present_behavior_not_verified,omitted,omitted,omitted,not_opened
219,HM - CAL3,Formulation,not_exposed,"[""mL""]","[""40""]",not_exposed,[5],2,field_present_behavior_not_verified,field_present_behavior_not_verified,field_present_behavior_not_verified,field_present_behavior_not_verified,field_present_behavior_not_verified,omitted,omitted,omitted,not_opened
139,HM - CAL4,Formulation,not_exposed,"[""mL""]","[""40""]",not_exposed,[5],2,field_present_behavior_not_verified,field_present_behavior_not_verified,field_present_behavior_not_verified,field_present_behavior_not_verified,field_present_behavior_not_verified,omitted,omitted,omitted,not_opened
222,HM - CCV,Formulation,not_exposed,"[""mL""]","[""40""]",not_exposed,[5],2,field_present_behavior_not_verified,field_present_behavior_not_verified,field_present_behavior_not_verified,field_present_behavior_not_verified,field_present_behavior_not_verified,omitted,omitted,omitted,not_opened
138,HM - Gold ICP Calibration Std,Reference Standards,not_exposed,"[""uL""]","[""100000""]",not_exposed,[5],2,field_present_behavior_not_verified,field_present_behavior_not_verified,field_present_behavior_not_verified,field_present_behavior_not_verified,field_present_behavior_not_verified,omitted,omitted,omitted,not_opened
247,HM - I.C. Water,Solvents,not_exposed,"[""mL""]","[""5000""]",not_exposed,[5],2,field_present_behavior_not_verified,field_present_behavior_not_verified,field_present_behavior_not_verified,field_present_behavior_not_verified,field_present_behavior_not_verified,omitted,omitted,omitted,not_opened
147,HM - ICPMS Tuning Solution,Reference Standards,not_exposed,"[""mL""]","[""125""]",not_exposed,[5],2,field_present_behavior_not_verified,field_present_behavior_not_verified,field_present_behavior_not_verified,field_present_behavior_not_verified,field_present_behavior_not_verified,omitted,omitted,omitted,not_opened
223,HM - ICV,Formulation,not_exposed,"[""mL""]","[""40""]",not_exposed,[5],2,field_present_behavior_not_verified,field_present_behavior_not_verified,field_present_behavior_not_verified,field_present_behavior_not_verified,field_present_behavior_not_verified,omitted,omitted,omitted,not_opened
144,HM - ICV Dilution Solution (IDS),Formulation,not_exposed,"[""uL""]","[""10000""]",not_exposed,[5],2,field_present_behavior_not_verified,field_present_behavior_not_verified,field_present_behavior_not_verified,field_present_behavior_not_verified,field_present_behavior_not_verified,omitted,omitted,omitted,not_opened
148,HM - IS Working Solution,Formulation,not_exposed,"[""mL""]","[""1000""]",not_exposed,[5],2,field_present_behavior_not_verified,field_present_behavior_not_verified,field_present_behavior_not_verified,field_present_behavior_not_verified,field_present_behavior_not_verified,omitted,omitted,omitted,not_opened
154,HM - Lead (Pb) ICP Std,Reference Standards,not_exposed,"[""uL""]","[""500000""]",not_exposed,[5],2,field_present_behavior_not_verified,field_present_behavior_not_verified,field_present_behavior_not_verified,field_present_behavior_not_verified,field_present_behavior_not_verified,omitted,omitted,omitted,not_opened
155,HM - Mercury (Hg) ICP Std,Reference Standards,not_exposed,"[""uL""]","[""500000""]",not_exposed,[5],2,field_present_behavior_not_verified,field_present_behavior_not_verified,field_present_behavior_not_verified,field_present_behavior_not_verified,field_present_behavior_not_verified,omitted,omitted,omitted,not_opened
160,HM - Mixed Std Stock(MXS),Formulation,not_exposed,"[""uL""]","[""10000""]",not_exposed,[5],2,field_present_behavior_not_verified,field_present_behavior_not_verified,field_present_behavior_not_verified,field_present_behavior_not_verified,field_present_behavior_not_verified,omitted,omitted,omitted,not_opened
163,"HM - Nitric Acid, ~68%",Reagents,not_exposed,"[""mL""]","[""2500""]",not_exposed,[5],3,field_present_behavior_not_verified,field_present_behavior_not_verified,field_present_behavior_not_verified,field_present_behavior_not_verified,field_present_behavior_not_verified,omitted,omitted,omitted,not_opened
142,HM - Tuning Sol. (IS Stock),Reference Standards,not_exposed,"[""mL""]","[""125""]",not_exposed,[5],3,field_present_behavior_not_verified,field_present_behavior_not_verified,field_present_behavior_not_verified,field_present_behavior_not_verified,field_present_behavior_not_verified,omitted,omitted,omitted,not_opened
150,"Isopropyl Alcohol, 99%",Solvents,not_exposed,,,not_exposed,[],3,field_present_behavior_not_verified,field_present_behavior_not_verified,field_present_behavior_not_verified,field_present_behavior_not_verified,field_present_behavior_not_verified,omitted,omitted,omitted,not_opened
149,"Isopropyl Alcohol, LCMS",Solvents,not_exposed,"[""mL""]","[""4000""]",not_exposed,[8],3,field_present_behavior_not_verified,field_present_behavior_not_verified,field_present_behavior_not_verified,field_present_behavior_not_verified,field_present_behavior_not_verified,omitted,omitted,omitted,not_opened
153,LaCroix Beverage,Consumables,not_exposed,"[""mL""]","[""355""]",not_exposed,[8],3,field_present_behavior_not_verified,field_present_behavior_not_verified,field_present_behavior_not_verified,field_present_behavior_not_verified,field_present_behavior_not_verified,omitted,omitted,omitted,not_opened
157,"Methanol, HPLC",Solvents,not_exposed,,,not_exposed,[],3,field_present_behavior_not_verified,field_present_behavior_not_verified,field_present_behavior_not_verified,field_present_behavior_not_verified,field_present_behavior_not_verified,omitted,omitted,omitted,not_opened
158,"Methanol, LCMS",Solvents,not_exposed,"[""mL""]","[""4000""]",not_exposed,[6],3,field_present_behavior_not_verified,field_present_behavior_not_verified,field_present_behavior_not_verified,field_present_behavior_not_verified,field_present_behavior_not_verified,omitted,omitted,omitted,not_opened
262,Micro - 1.5mL Centrifuge Tubes,Consumables,not_exposed,,,not_exposed,[],3,field_present_behavior_not_verified,field_present_behavior_not_verified,field_present_behavior_not_verified,field_present_behavior_not_verified,field_present_behavior_not_verified,omitted,omitted,omitted,not_opened
303,"Micro - Agar Plate, Blood",Consumables,not_exposed,,,not_exposed,[],3,field_present_behavior_not_verified,field_present_behavior_not_verified,field_present_behavior_not_verified,field_present_behavior_not_verified,field_present_behavior_not_verified,omitted,omitted,omitted,not_opened
299,"Micro - Agar Plate, Blue Potato Dextrose",Consumables,not_exposed,,,not_exposed,[],3,field_present_behavior_not_verified,field_present_behavior_not_verified,field_present_behavior_not_verified,field_present_behavior_not_verified,field_present_behavior_not_verified,omitted,omitted,omitted,not_opened
301,"Micro - Agar Plate, MacConkey",Consumables,not_exposed,,,not_exposed,[],3,field_present_behavior_not_verified,field_present_behavior_not_verified,field_present_behavior_not_verified,field_present_behavior_not_verified,field_present_behavior_not_verified,omitted,omitted,omitted,not_opened
300,"Micro - Agar Plate, Potato Dextrose",Consumables,not_exposed,,,not_exposed,[],3,field_present_behavior_not_verified,field_present_behavior_not_verified,field_present_behavior_not_verified,field_present_behavior_not_verified,field_present_behavior_not_verified,omitted,omitted,omitted,not_opened
304,"Micro - Agar Plate, Tryptic Soy",Consumables,not_exposed,,,not_exposed,[],3,field_present_behavior_not_verified,field_present_behavior_not_verified,field_present_behavior_not_verified,field_present_behavior_not_verified,field_present_behavior_not_verified,omitted,omitted,omitted,not_opened
302,"Micro - Agar Plate, Xylose Lysine Deoxycholate",Consumables,not_exposed,,,not_exposed,[],3,field_present_behavior_not_verified,field_present_behavior_not_verified,field_present_behavior_not_verified,field_present_behavior_not_verified,field_present_behavior_not_verified,omitted,omitted,omitted,not_opened
289,Micro - Bioballs Candida Albicans Control,Consumables,not_exposed,"[""vials""]","[""20""]",not_exposed,[11],3,field_present_behavior_not_verified,field_present_behavior_not_verified,field_present_behavior_not_verified,field_present_behavior_not_verified,field_present_behavior_not_verified,omitted,omitted,omitted,not_opened
290,Micro - Bioballs Enterobacteria Klebsiella Aerogenes Control,Consumables,not_exposed,"[""vials""]","[""20""]",not_exposed,[11],3,field_present_behavior_not_verified,field_present_behavior_not_verified,field_present_behavior_not_verified,field_present_behavior_not_verified,field_present_behavior_not_verified,omitted,omitted,omitted,not_opened
288,Micro - Bioballs Escherichia Coli Control,Consumables,not_exposed,"[""vials""]","[""20""]",not_exposed,[11],3,field_present_behavior_not_verified,field_present_behavior_not_verified,field_present_behavior_not_verified,field_present_behavior_not_verified,field_present_behavior_not_verified,omitted,omitted,omitted,not_opened
267,Micro - Buffered Peptone H2O 225mL,Reagents,not_exposed,"[""mL""]","[""225""]",not_exposed,"[10,11]",3,field_present_behavior_not_verified,field_present_behavior_not_verified,field_present_behavior_not_verified,field_present_behavior_not_verified,field_present_behavior_not_verified,omitted,omitted,omitted,not_opened
297,Micro - Buffered Peptone H2O Mix,Formulation,not_exposed,,,not_exposed,[],3,field_present_behavior_not_verified,field_present_behavior_not_verified,field_present_behavior_not_verified,field_present_behavior_not_verified,field_present_behavior_not_verified,omitted,omitted,omitted,not_opened
279,"Micro - Buffered Peptone H2O, Boxed",Reagents,not_exposed,"[""mL""]","[""5000, 10000, or 20000""]",not_exposed,[10],3,field_present_behavior_not_verified,field_present_behavior_not_verified,field_present_behavior_not_verified,field_present_behavior_not_verified,field_present_behavior_not_verified,omitted,omitted,omitted,not_opened
254,Micro - Chlortetracycline,Reagents,not_exposed,"[""vials""]","[""5""]",not_exposed,[10],4,field_present_behavior_not_verified,field_present_behavior_not_verified,field_present_behavior_not_verified,field_present_behavior_not_verified,field_present_behavior_not_verified,omitted,omitted,omitted,not_opened
298,"Micro - Demi-Fraser w/ Supp, Boxed",Reagents,not_exposed,"[""mL""]","[""10000""]",not_exposed,[10],4,field_present_behavior_not_verified,field_present_behavior_not_verified,field_present_behavior_not_verified,field_present_behavior_not_verified,field_present_behavior_not_verified,omitted,omitted,omitted,not_opened
255,Micro - Dicloran,Reagents,not_exposed,"[""g""]","[""100""]",not_exposed,[10],4,field_present_behavior_not_verified,field_present_behavior_not_verified,field_present_behavior_not_verified,field_present_behavior_not_verified,field_present_behavior_not_verified,omitted,omitted,omitted,not_opened
292,Micro - DNA Control GENE-UP Aspergillus,,not_exposed,"[""vials""]","[""1""]",not_exposed,[10],4,field_present_behavior_not_verified,field_present_behavior_not_verified,field_present_behavior_not_verified,field_present_behavior_not_verified,field_present_behavior_not_verified,omitted,omitted,omitted,not_opened
291,Micro - DNA Control Lysteria Monocytogenes,Consumables,not_exposed,"[""vials""]","[""1""]",not_exposed,[10],4,field_present_behavior_not_verified,field_present_behavior_not_verified,field_present_behavior_not_verified,field_present_behavior_not_verified,field_present_behavior_not_verified,omitted,omitted,omitted,not_opened
293,Micro - DNA Control VERIFLOW E. Coli,Consumables,not_exposed,"[""vials""]","[""1""]",not_exposed,[10],4,field_present_behavior_not_verified,field_present_behavior_not_verified,field_present_behavior_not_verified,field_present_behavior_not_verified,field_present_behavior_not_verified,omitted,omitted,omitted,not_opened
294,Micro - DNA Control VERIFLOW Salmonella,Consumables,not_exposed,"[""vials""]","[""1""]",not_exposed,[10],4,field_present_behavior_not_verified,field_present_behavior_not_verified,field_present_behavior_not_verified,field_present_behavior_not_verified,field_present_behavior_not_verified,omitted,omitted,omitted,not_opened
259,Micro - GENE-UP Aspergillus Kit,Consumables,not_exposed,"[""tubes""]","[""24""]",not_exposed,[10],4,field_present_behavior_not_verified,field_present_behavior_not_verified,field_present_behavior_not_verified,field_present_behavior_not_verified,field_present_behavior_not_verified,omitted,omitted,omitted,not_opened
256,Micro - GENE-UP Sal/STEC Kit,Consumables,not_exposed,"[""tubes""]","[""24""]",not_exposed,[10],4,field_present_behavior_not_verified,field_present_behavior_not_verified,field_present_behavior_not_verified,field_present_behavior_not_verified,field_present_behavior_not_verified,omitted,omitted,omitted,not_opened
258,Micro - GENE-UP® L Mono. Kit,Consumables,not_exposed,"[""tubes""]","[""192""]",not_exposed,[10],4,field_present_behavior_not_verified,field_present_behavior_not_verified,field_present_behavior_not_verified,field_present_behavior_not_verified,field_present_behavior_not_verified,omitted,omitted,omitted,not_opened
257,Micro - GENE-UP® Lysis Kit,Consumables,not_exposed,"[""tubes""]","[""192""]",not_exposed,[10],4,field_present_behavior_not_verified,field_present_behavior_not_verified,field_present_behavior_not_verified,field_present_behavior_not_verified,field_present_behavior_not_verified,omitted,omitted,omitted,not_opened
253,Micro - LPT Broth,Reagents,not_exposed,"[""mL""]","[""225""]",not_exposed,[10],4,field_present_behavior_not_verified,field_present_behavior_not_verified,field_present_behavior_not_verified,field_present_behavior_not_verified,field_present_behavior_not_verified,omitted,omitted,omitted,not_opened
264,Micro - PDB Powder,Reagents,not_exposed,"[""g""]","[""250""]",not_exposed,[10],4,field_present_behavior_not_verified,field_present_behavior_not_verified,field_present_behavior_not_verified,field_present_behavior_not_verified,field_present_behavior_not_verified,omitted,omitted,omitted,not_opened
265,Micro - Peptone Salt Broth,Reagents,not_exposed,"[""tubes""]","[""100""]",not_exposed,[10],4,field_present_behavior_not_verified,field_present_behavior_not_verified,field_present_behavior_not_verified,field_present_behavior_not_verified,field_present_behavior_not_verified,omitted,omitted,omitted,not_opened
285,Micro - Potato Dextrose + CTC + Dichloran 20L,Reagents,not_exposed,,,not_exposed,[],4,field_present_behavior_not_verified,field_present_behavior_not_verified,field_present_behavior_not_verified,field_present_behavior_not_verified,field_present_behavior_not_verified,omitted,omitted,omitted,not_opened
252,Micro - Potato Dextrose Broth,Reagents,not_exposed,"[""mL""]","[""1000""]",not_exposed,[10],4,field_present_behavior_not_verified,field_present_behavior_not_verified,field_present_behavior_not_verified,field_present_behavior_not_verified,field_present_behavior_not_verified,omitted,omitted,omitted,not_opened
278,Micro - Potato Dextrose w/ CTC,Reagents,not_exposed,"[""mL""]","[""20000""]",not_exposed,[10],4,field_present_behavior_not_verified,field_present_behavior_not_verified,field_present_behavior_not_verified,field_present_behavior_not_verified,field_present_behavior_not_verified,omitted,omitted,omitted,not_opened
270,Micro - Tempo AC Cards,Consumables,not_exposed,"[""cards""]","[""48""]",not_exposed,[11],4,field_present_behavior_not_verified,field_present_behavior_not_verified,field_present_behavior_not_verified,field_present_behavior_not_verified,field_present_behavior_not_verified,omitted,omitted,omitted,not_opened
269,Micro - Tempo EB Cards,Consumables,not_exposed,"[""cards""]","[""48""]",not_exposed,[11],4,field_present_behavior_not_verified,field_present_behavior_not_verified,field_present_behavior_not_verified,field_present_behavior_not_verified,field_present_behavior_not_verified,omitted,omitted,omitted,not_opened
271,Micro - Tempo YM Cards,Consumables,not_exposed,"[""cards""]","[""48""]",not_exposed,[11],4,field_present_behavior_not_verified,field_present_behavior_not_verified,field_present_behavior_not_verified,field_present_behavior_not_verified,field_present_behavior_not_verified,omitted,omitted,omitted,not_opened
268,Micro - TempoBags,Consumables,not_exposed,,,not_exposed,[],5,field_present_behavior_not_verified,field_present_behavior_not_verified,field_present_behavior_not_verified,field_present_behavior_not_verified,field_present_behavior_not_verified,omitted,omitted,omitted,not_opened
272,"Micro - Water, Deionized Type II",Solvents,not_exposed,"[""mL""]","[""20000""]",not_exposed,[11],5,field_present_behavior_not_verified,field_present_behavior_not_verified,field_present_behavior_not_verified,field_present_behavior_not_verified,field_present_behavior_not_verified,omitted,omitted,omitted,not_opened
261,Micro - Whirl-Pak Bags 24oz.,Consumables,not_exposed,,,not_exposed,[],5,field_present_behavior_not_verified,field_present_behavior_not_verified,field_present_behavior_not_verified,field_present_behavior_not_verified,field_present_behavior_not_verified,omitted,omitted,omitted,not_opened
260,Micro - Whirl-Pak Bags 7oz.,Consumables,not_exposed,,,not_exposed,[],5,field_present_behavior_not_verified,field_present_behavior_not_verified,field_present_behavior_not_verified,field_present_behavior_not_verified,field_present_behavior_not_verified,omitted,omitted,omitted,not_opened
227,P/M - 1% Formic Acid ACN Sol.,Formulation,not_exposed,"[""mL""]","[""50.5""]",not_exposed,"[6,9]",5,field_present_behavior_not_verified,field_present_behavior_not_verified,field_present_behavior_not_verified,field_present_behavior_not_verified,field_present_behavior_not_verified,omitted,omitted,omitted,not_opened
117,P/M - Ammonium Fluoride,Reagents,not_exposed,"[""g""]","[""50""]",not_exposed,[9],5,field_present_behavior_not_verified,field_present_behavior_not_verified,field_present_behavior_not_verified,field_present_behavior_not_verified,field_present_behavior_not_verified,omitted,omitted,omitted,not_opened
225,P/M - Ammonium Formate,Consumables,not_exposed,"[""mg""]","[""25000""]",not_exposed,[9],5,field_present_behavior_not_verified,field_present_behavior_not_verified,field_present_behavior_not_verified,field_present_behavior_not_verified,field_present_behavior_not_verified,omitted,omitted,omitted,not_opened
119,P/M - Azadirachtin Std,Reference Standards,not_exposed,"[""uL""]","[""1000""]",not_exposed,[9],5,field_present_behavior_not_verified,field_present_behavior_not_verified,field_present_behavior_not_verified,field_present_behavior_not_verified,field_present_behavior_not_verified,omitted,omitted,omitted,not_opened
126,P/M - Chlormequat Std,Reference Standards,not_exposed,"[""uL""]","[""1000""]",not_exposed,[9],5,field_present_behavior_not_verified,field_present_behavior_not_verified,field_present_behavior_not_verified,field_present_behavior_not_verified,field_present_behavior_not_verified,omitted,omitted,omitted,not_opened
224,P/M - Mobile Phase A,Formulation,not_exposed,"[""mL""]","[""2000""]",not_exposed,"[6,9]",5,field_present_behavior_not_verified,field_present_behavior_not_verified,field_present_behavior_not_verified,field_present_behavior_not_verified,field_present_behavior_not_verified,omitted,omitted,omitted,not_opened
226,P/M - Mycotoxin Mix (M Mix),Formulation,not_exposed,"[""uL""]","[""1000""]",not_exposed,[6],5,field_present_behavior_not_verified,field_present_behavior_not_verified,field_present_behavior_not_verified,field_present_behavior_not_verified,field_present_behavior_not_verified,omitted,omitted,omitted,not_opened
161,P/M - Mycotoxin Mixture 5 Std,Reference Standards,not_exposed,"[""uL""]","[""1000""]",not_exposed,"[6,9]",5,field_present_behavior_not_verified,field_present_behavior_not_verified,field_present_behavior_not_verified,field_present_behavior_not_verified,field_present_behavior_not_verified,omitted,omitted,omitted,not_opened
167,P/M - Oregon Pesticide Std #1,Reference Standards,not_exposed,"[""uL""]","[""1000""]",not_exposed,[9],5,field_present_behavior_not_verified,field_present_behavior_not_verified,field_present_behavior_not_verified,field_present_behavior_not_verified,field_present_behavior_not_verified,omitted,omitted,omitted,not_opened
168,P/M - Oregon Pesticide Std #2,Reference Standards,not_exposed,"[""uL""]","[""1000""]",not_exposed,[9],5,field_present_behavior_not_verified,field_present_behavior_not_verified,field_present_behavior_not_verified,field_present_behavior_not_verified,field_present_behavior_not_verified,omitted,omitted,omitted,not_opened
169,P/M - Oregon Pesticide Std #3,Reference Standards,not_exposed,"[""uL""]","[""1000""]",not_exposed,[9],5,field_present_behavior_not_verified,field_present_behavior_not_verified,field_present_behavior_not_verified,field_present_behavior_not_verified,field_present_behavior_not_verified,omitted,omitted,omitted,not_opened
170,P/M - Oregon Pesticide Std #4,Reference Standards,not_exposed,"[""uL""]","[""1000""]",not_exposed,[9],5,field_present_behavior_not_verified,field_present_behavior_not_verified,field_present_behavior_not_verified,field_present_behavior_not_verified,field_present_behavior_not_verified,omitted,omitted,omitted,not_opened
171,P/M - Oregon Pesticide Std #5,Reference Standards,not_exposed,"[""uL""]","[""1000""]",not_exposed,[9],5,field_present_behavior_not_verified,field_present_behavior_not_verified,field_present_behavior_not_verified,field_present_behavior_not_verified,field_present_behavior_not_verified,omitted,omitted,omitted,not_opened
172,P/M - Oregon Pesticide Std #6,Reference Standards,not_exposed,"[""uL""]","[""1000""]",not_exposed,[9],5,field_present_behavior_not_verified,field_present_behavior_not_verified,field_present_behavior_not_verified,field_present_behavior_not_verified,field_present_behavior_not_verified,omitted,omitted,omitted,not_opened
248,P/M - Pest/Myco Mix (PM Mix),Formulation,not_exposed,"[""uL""]","[""12000""]",not_exposed,[9],5,field_present_behavior_not_verified,field_present_behavior_not_verified,field_present_behavior_not_verified,field_present_behavior_not_verified,field_present_behavior_not_verified,omitted,omitted,omitted,not_opened
249,P/M - Pesticide Mix (P Mix),Formulation,not_exposed,"[""uL""]","[""3000""]",not_exposed,[9],5,field_present_behavior_not_verified,field_present_behavior_not_verified,field_present_behavior_not_verified,field_present_behavior_not_verified,field_present_behavior_not_verified,omitted,omitted,omitted,not_opened
276,P/M - Raptor ARC-18 Column,Consumables,not_exposed,"[""columns""]","[""1""]",not_exposed,"[6,9]",6,field_present_behavior_not_verified,field_present_behavior_not_verified,field_present_behavior_not_verified,field_present_behavior_not_verified,field_present_behavior_not_verified,omitted,omitted,omitted,not_opened
188,Pipette - 1000µL Filtered Tips,General Consumables,not_exposed,,,not_exposed,[],6,field_present_behavior_not_verified,field_present_behavior_not_verified,field_present_behavior_not_verified,field_present_behavior_not_verified,field_present_behavior_not_verified,omitted,omitted,omitted,not_opened
192,Pipette - 1000µL Microman Tips,Consumables,not_exposed,,,not_exposed,[],6,field_present_behavior_not_verified,field_present_behavior_not_verified,field_present_behavior_not_verified,field_present_behavior_not_verified,field_present_behavior_not_verified,omitted,omitted,omitted,not_opened
193,Pipette - 100µL Microman Tips,Consumables,not_exposed,,,not_exposed,[],6,field_present_behavior_not_verified,field_present_behavior_not_verified,field_present_behavior_not_verified,field_present_behavior_not_verified,field_present_behavior_not_verified,omitted,omitted,omitted,not_opened
109,Pipette - 10mL Pipette Filters,Consumables,not_exposed,,,not_exposed,[],6,field_present_behavior_not_verified,field_present_behavior_not_verified,field_present_behavior_not_verified,field_present_behavior_not_verified,field_present_behavior_not_verified,omitted,omitted,omitted,not_opened
187,Pipette - 10mL Pipette Tips,Consumables,not_exposed,,,not_exposed,[],6,field_present_behavior_not_verified,field_present_behavior_not_verified,field_present_behavior_not_verified,field_present_behavior_not_verified,field_present_behavior_not_verified,omitted,omitted,omitted,not_opened
275,Pipette - 10mL Serological Tips,Consumables,not_exposed,,,not_exposed,[],6,field_present_behavior_not_verified,field_present_behavior_not_verified,field_present_behavior_not_verified,field_present_behavior_not_verified,field_present_behavior_not_verified,omitted,omitted,omitted,not_opened
189,Pipette - 10µL Filtered Tips,Consumables,not_exposed,,,not_exposed,[],6,field_present_behavior_not_verified,field_present_behavior_not_verified,field_present_behavior_not_verified,field_present_behavior_not_verified,field_present_behavior_not_verified,omitted,omitted,omitted,not_opened
195,Pipette - 10µL Microman Tips,Consumables,not_exposed,,,not_exposed,[],6,field_present_behavior_not_verified,field_present_behavior_not_verified,field_present_behavior_not_verified,field_present_behavior_not_verified,field_present_behavior_not_verified,omitted,omitted,omitted,not_opened
190,Pipette - 200µL Filtered Tips,Consumables,not_exposed,,,not_exposed,[],6,field_present_behavior_not_verified,field_present_behavior_not_verified,field_present_behavior_not_verified,field_present_behavior_not_verified,field_present_behavior_not_verified,omitted,omitted,omitted,not_opened
191,Pipette - 20µL Filtered Tips,Consumables,not_exposed,,,not_exposed,[],6,field_present_behavior_not_verified,field_present_behavior_not_verified,field_present_behavior_not_verified,field_present_behavior_not_verified,field_present_behavior_not_verified,omitted,omitted,omitted,not_opened
194,Pipette - 250µL Microman Tips,Consumables,not_exposed,,,not_exposed,[],6,field_present_behavior_not_verified,field_present_behavior_not_verified,field_present_behavior_not_verified,field_present_behavior_not_verified,field_present_behavior_not_verified,omitted,omitted,omitted,not_opened
274,Pipette - 25mL Serological Tips,Consumables,not_exposed,,,not_exposed,[],6,field_present_behavior_not_verified,field_present_behavior_not_verified,field_present_behavior_not_verified,field_present_behavior_not_verified,field_present_behavior_not_verified,omitted,omitted,omitted,not_opened
112,Pipette - 3.0mL Transfer Pipettes,Consumables,not_exposed,,,not_exposed,[],6,field_present_behavior_not_verified,field_present_behavior_not_verified,field_present_behavior_not_verified,field_present_behavior_not_verified,field_present_behavior_not_verified,omitted,omitted,omitted,not_opened
120,Plastic Beakers,Consumables,not_exposed,,,not_exposed,[],6,field_present_behavior_not_verified,field_present_behavior_not_verified,field_present_behavior_not_verified,field_present_behavior_not_verified,field_present_behavior_not_verified,omitted,omitted,omitted,not_opened
175,"Pressurized Gas, Argon",Consumables,not_exposed,"[""tank""]","[""1""]",not_exposed,"[5,6,9]",6,field_present_behavior_not_verified,field_present_behavior_not_verified,field_present_behavior_not_verified,field_present_behavior_not_verified,field_present_behavior_not_verified,omitted,omitted,omitted,not_opened
176,"Pressurized Gas, Helium",Consumables,not_exposed,"[""tank""]","[""1""]",not_exposed,"[5,7]",6,field_present_behavior_not_verified,field_present_behavior_not_verified,field_present_behavior_not_verified,field_present_behavior_not_verified,field_present_behavior_not_verified,omitted,omitted,omitted,not_opened
282,"Pressurized Gas, Hydrogen",Consumables,not_exposed,,,not_exposed,[],6,field_present_behavior_not_verified,field_present_behavior_not_verified,field_present_behavior_not_verified,field_present_behavior_not_verified,field_present_behavior_not_verified,omitted,omitted,omitted,not_opened
196,Repeater - 0.5mL Repeater Tips,Consumables,not_exposed,,,not_exposed,[],6,field_present_behavior_not_verified,field_present_behavior_not_verified,field_present_behavior_not_verified,field_present_behavior_not_verified,field_present_behavior_not_verified,omitted,omitted,omitted,not_opened
197,Repeater - 10mL Repeater Tips,Consumables,not_exposed,,,not_exposed,[],6,field_present_behavior_not_verified,field_present_behavior_not_verified,field_present_behavior_not_verified,field_present_behavior_not_verified,field_present_behavior_not_verified,omitted,omitted,omitted,not_opened
111,Repeater - 2.5mL Repeater Tips,Consumables,not_exposed,,,not_exposed,[],7,field_present_behavior_not_verified,field_present_behavior_not_verified,field_present_behavior_not_verified,field_present_behavior_not_verified,field_present_behavior_not_verified,omitted,omitted,omitted,not_opened
244,Repeater - 25mL Repeater Tip Cap,Consumables,not_exposed,,,not_exposed,[],7,field_present_behavior_not_verified,field_present_behavior_not_verified,field_present_behavior_not_verified,field_present_behavior_not_verified,field_present_behavior_not_verified,omitted,omitted,omitted,not_opened
245,Repeater - 25mL Repeater Tips,Consumables,not_exposed,,,not_exposed,[],7,field_present_behavior_not_verified,field_present_behavior_not_verified,field_present_behavior_not_verified,field_present_behavior_not_verified,field_present_behavior_not_verified,omitted,omitted,omitted,not_opened
113,Repeater - 50mL Repeater Tip Caps,Consumables,not_exposed,,,not_exposed,[],7,field_present_behavior_not_verified,field_present_behavior_not_verified,field_present_behavior_not_verified,field_present_behavior_not_verified,field_present_behavior_not_verified,omitted,omitted,omitted,not_opened
198,Repeater - 50mL Repeater Tips,Consumables,not_exposed,,,not_exposed,[],7,field_present_behavior_not_verified,field_present_behavior_not_verified,field_present_behavior_not_verified,field_present_behavior_not_verified,field_present_behavior_not_verified,omitted,omitted,omitted,not_opened
131,"RS - DMAC, Dimethylacetamide",Solvents,not_exposed,"[""mL""]","[""1000""]",not_exposed,[7],7,field_present_behavior_not_verified,field_present_behavior_not_verified,field_present_behavior_not_verified,field_present_behavior_not_verified,field_present_behavior_not_verified,omitted,omitted,omitted,not_opened
123,RS - Headspace Crimping Caps,Consumables,not_exposed,,,not_exposed,[],7,field_present_behavior_not_verified,field_present_behavior_not_verified,field_present_behavior_not_verified,field_present_behavior_not_verified,field_present_behavior_not_verified,omitted,omitted,omitted,not_opened
229,RS - Residual Solv. VOC Mix,Reference Standards,not_exposed,"[""uL""]","[""1000""]",not_exposed,[7],7,field_present_behavior_not_verified,field_present_behavior_not_verified,field_present_behavior_not_verified,field_present_behavior_not_verified,field_present_behavior_not_verified,omitted,omitted,omitted,not_opened
230,RS - Residual Solvents Mix #1,Reference Standards,not_exposed,"[""uL""]","[""1000""]",not_exposed,[7],7,field_present_behavior_not_verified,field_present_behavior_not_verified,field_present_behavior_not_verified,field_present_behavior_not_verified,field_present_behavior_not_verified,omitted,omitted,omitted,not_opened
231,RS/Terpenes - GC Column SH-I-624Sil MS Capillary,Consumables,not_exposed,"[""columns""]","[""1""]",not_exposed,[7],7,field_present_behavior_not_verified,field_present_behavior_not_verified,field_present_behavior_not_verified,field_present_behavior_not_verified,field_present_behavior_not_verified,omitted,omitted,omitted,not_opened
133,Syringe - 0.22µm PTFE Filter,Consumables,not_exposed,,,not_exposed,[],7,field_present_behavior_not_verified,field_present_behavior_not_verified,field_present_behavior_not_verified,field_present_behavior_not_verified,field_present_behavior_not_verified,omitted,omitted,omitted,not_opened
273,Syringe - 0.22µm YM Filter,,not_exposed,,,not_exposed,[],7,field_present_behavior_not_verified,field_present_behavior_not_verified,field_present_behavior_not_verified,field_present_behavior_not_verified,field_present_behavior_not_verified,omitted,omitted,omitted,not_opened
263,Syringe - 30mL Syringe,Consumables,not_exposed,,,not_exposed,[],7,field_present_behavior_not_verified,field_present_behavior_not_verified,field_present_behavior_not_verified,field_present_behavior_not_verified,field_present_behavior_not_verified,omitted,omitted,omitted,not_opened
184,Syringe - 3mL Syringe,Consumables,not_exposed,,,not_exposed,[],7,field_present_behavior_not_verified,field_present_behavior_not_verified,field_present_behavior_not_verified,field_present_behavior_not_verified,field_present_behavior_not_verified,omitted,omitted,omitted,not_opened
185,Syringe - 5mL Syringe,Consumables,not_exposed,,,not_exposed,[],7,field_present_behavior_not_verified,field_present_behavior_not_verified,field_present_behavior_not_verified,field_present_behavior_not_verified,field_present_behavior_not_verified,omitted,omitted,omitted,not_opened
295,Terpenes - Cannabis Terpenes Std #1,Consumables,not_exposed,,,not_exposed,[],7,field_present_behavior_not_verified,field_present_behavior_not_verified,field_present_behavior_not_verified,field_present_behavior_not_verified,field_present_behavior_not_verified,omitted,omitted,omitted,not_opened
296,Terpenes - Cannabis Terpenes Std #2,Consumables,not_exposed,,,not_exposed,[],7,field_present_behavior_not_verified,field_present_behavior_not_verified,field_present_behavior_not_verified,field_present_behavior_not_verified,field_present_behavior_not_verified,omitted,omitted,omitted,not_opened
283,Terpenes - Ethyl Acetate,Solvents,not_exposed,,,not_exposed,[],7,field_present_behavior_not_verified,field_present_behavior_not_verified,field_present_behavior_not_verified,field_present_behavior_not_verified,field_present_behavior_not_verified,omitted,omitted,omitted,not_opened
284,Tridecane,Solvents,not_exposed,,,not_exposed,[],7,field_present_behavior_not_verified,field_present_behavior_not_verified,field_present_behavior_not_verified,field_present_behavior_not_verified,field_present_behavior_not_verified,omitted,omitted,omitted,not_opened
200,Tubes - 15mL Centrifuge Tubes,Consumables,not_exposed,,,not_exposed,[],7,field_present_behavior_not_verified,field_present_behavior_not_verified,field_present_behavior_not_verified,field_present_behavior_not_verified,field_present_behavior_not_verified,omitted,omitted,omitted,not_opened
186,Tubes - 15mL Test Tubes (HM),Consumables,not_exposed,,,not_exposed,[],8,field_present_behavior_not_verified,field_present_behavior_not_verified,field_present_behavior_not_verified,field_present_behavior_not_verified,field_present_behavior_not_verified,omitted,omitted,omitted,not_opened
202,Tubes - 50mL Green Cap Centrifuge Tubes,Consumables,not_exposed,,,not_exposed,[],8,field_present_behavior_not_verified,field_present_behavior_not_verified,field_present_behavior_not_verified,field_present_behavior_not_verified,field_present_behavior_not_verified,omitted,omitted,omitted,not_opened
204,Tubes - 50mL Red Cap Centrifuge Tubes,General Consumables,not_exposed,,,not_exposed,[],8,field_present_behavior_not_verified,field_present_behavior_not_verified,field_present_behavior_not_verified,field_present_behavior_not_verified,field_present_behavior_not_verified,omitted,omitted,omitted,not_opened
205,Tubes - 50mL Self-Standing Centrifuge Tubes,General Consumables,not_exposed,,,not_exposed,[],8,field_present_behavior_not_verified,field_present_behavior_not_verified,field_present_behavior_not_verified,field_present_behavior_not_verified,field_present_behavior_not_verified,omitted,omitted,omitted,not_opened
203,Tubes - 5mL Test Tubes,Consumables,not_exposed,,,not_exposed,[],8,field_present_behavior_not_verified,field_present_behavior_not_verified,field_present_behavior_not_verified,field_present_behavior_not_verified,field_present_behavior_not_verified,omitted,omitted,omitted,not_opened
209,Vials - 2mL High-Recovery Vials,Consumables,not_exposed,,,not_exposed,[],8,field_present_behavior_not_verified,field_present_behavior_not_verified,field_present_behavior_not_verified,field_present_behavior_not_verified,field_present_behavior_not_verified,omitted,omitted,omitted,not_opened
210,Vials - 2mL HPLC Amber Vials,Consumables,not_exposed,,,not_exposed,[],8,field_present_behavior_not_verified,field_present_behavior_not_verified,field_present_behavior_not_verified,field_present_behavior_not_verified,field_present_behavior_not_verified,omitted,omitted,omitted,not_opened
208,Vials - Headspace Vials GCMS,Consumables,not_exposed,,,not_exposed,[],8,field_present_behavior_not_verified,field_present_behavior_not_verified,field_present_behavior_not_verified,field_present_behavior_not_verified,field_present_behavior_not_verified,omitted,omitted,omitted,not_opened
206,WA - 0.150aw Verification Std,Reference Standards,not_exposed,"[""tubes""]","[""50""]",not_exposed,[3],8,field_present_behavior_not_verified,field_present_behavior_not_verified,field_present_behavior_not_verified,field_present_behavior_not_verified,field_present_behavior_not_verified,omitted,omitted,omitted,not_opened
215,WA - 0.500aw Verification Std,Reference Standards,not_exposed,"[""tubes""]","[""50""]",not_exposed,[3],8,field_present_behavior_not_verified,field_present_behavior_not_verified,field_present_behavior_not_verified,field_present_behavior_not_verified,field_present_behavior_not_verified,omitted,omitted,omitted,not_opened
216,WA - 0.760aw Verification Std,Reference Standards,not_exposed,"[""tubes""]","[""50""]",not_exposed,[3],8,field_present_behavior_not_verified,field_present_behavior_not_verified,field_present_behavior_not_verified,field_present_behavior_not_verified,field_present_behavior_not_verified,omitted,omitted,omitted,not_opened
207,WA - 1.000aw Verification Std,Reference Standards,not_exposed,"[""tubes""]","[""50""]",not_exposed,[3],8,field_present_behavior_not_verified,field_present_behavior_not_verified,field_present_behavior_not_verified,field_present_behavior_not_verified,field_present_behavior_not_verified,omitted,omitted,omitted,not_opened
180,WA - Sample Cup Lids,Consumables,not_exposed,,,not_exposed,[],8,field_present_behavior_not_verified,field_present_behavior_not_verified,field_present_behavior_not_verified,field_present_behavior_not_verified,field_present_behavior_not_verified,omitted,omitted,omitted,not_opened
181,WA - Sample Cups,Consumables,not_exposed,,,not_exposed,[],8,field_present_behavior_not_verified,field_present_behavior_not_verified,field_present_behavior_not_verified,field_present_behavior_not_verified,field_present_behavior_not_verified,omitted,omitted,omitted,not_opened
211,"Water, LC-MS (Fisher)",Solvents,not_exposed,"[""mL""]","[""4000""]",not_exposed,"[6,8]",8,field_present_behavior_not_verified,field_present_behavior_not_verified,field_present_behavior_not_verified,field_present_behavior_not_verified,field_present_behavior_not_verified,omitted,omitted,omitted,not_opened
212,"Water, LC-MS (Honeywell)",Solvents,not_exposed,,,not_exposed,[],8,field_present_behavior_not_verified,field_present_behavior_not_verified,field_present_behavior_not_verified,field_present_behavior_not_verified,field_present_behavior_not_verified,omitted,omitted,omitted,not_opened
213,Weighing Boats Large,Consumables,not_exposed,,,not_exposed,[],8,field_present_behavior_not_verified,field_present_behavior_not_verified,field_present_behavior_not_verified,field_present_behavior_not_verified,field_present_behavior_not_verified,omitted,omitted,omitted,not_opened
214,Weighing Boats Small,Consumables,not_exposed,,,not_exposed,[],8,field_present_behavior_not_verified,field_present_behavior_not_verified,field_present_behavior_not_verified,field_present_behavior_not_verified,field_present_behavior_not_verified,omitted,omitted,omitted,not_opened
