instrument_channel,internal_status,reportable_measurand,combination_group,metrc_percent_field,metrc_mg_g_field,coa_display,included_in_total_terpenes,loq_source,mu_source,notes
alpha-Pinene,direct_reportable_channel,Alpha-Pinene,,Alpha-Pinene (%) Additional (Raw Plant Material & Concentrate/Extract),Alpha-Pinene (mg/g) Additional (Infused Products),true,true,Terpenes|matrix_or_product_type|Alpha-Pinene|LOQ,Terpenes|matrix_or_product_type|Alpha-Pinene|MU,Direct unrounded ug/g result.
Camphene,direct_reportable_channel,Camphene,,Camphene (%) Additional (Raw Plant Material & Concentrate/Extract),Camphene (mg/g) Additional (Infused Products),true,true,Terpenes|matrix_or_product_type|Camphene|LOQ,Terpenes|matrix_or_product_type|Camphene|MU,Direct unrounded ug/g result.
beta-Myrcene,direct_reportable_channel,Beta-Myrcene,,Beta-Myrcene (%) Additional (Raw Plant Material & Concentrate/Extract),Beta-Myrcene (mg/g) Additional (Infused Products),true,true,Terpenes|matrix_or_product_type|Beta-Myrcene|LOQ,Terpenes|matrix_or_product_type|Beta-Myrcene|MU,Direct unrounded ug/g result; do not use Alpha-Myrcene.
(-)-beta-Pinene,direct_reportable_channel,Beta-Pinene,,Beta-Pinene (%) Additional (Raw Plant Material & Concentrate/Extract),Beta-Pinene (mg/g) Additional (Infused Products),true,true,Terpenes|matrix_or_product_type|Beta-Pinene|LOQ,Terpenes|matrix_or_product_type|Beta-Pinene|MU,Direct unrounded ug/g result.
delta-3-Carene,direct_reportable_channel,Delta-3 Carene,,Delta-3 Carene (%) Additional (Raw Plant Material & Concentrate/Extract),Delta-3 Carene (mg/g) Additional (Infused Products),true,true,Terpenes|matrix_or_product_type|Delta-3 Carene|LOQ,Terpenes|matrix_or_product_type|Delta-3 Carene|MU,Direct unrounded ug/g result.
alpha-Terpinene,direct_reportable_channel,Alpha-Terpinene,,Alpha-Terpinene (%) Additional (Raw Plant Material & Concentrate/Extract),Alpha-Terpinene (mg/g) Additional (Infused Products),true,true,Terpenes|matrix_or_product_type|Alpha-Terpinene|LOQ,Terpenes|matrix_or_product_type|Alpha-Terpinene|MU,Direct unrounded ug/g result.
Ocimene 1,combined_component_channel,Ocimene,Ocimene,Ocimene (%) Additional (Raw Plant Material & Concentrate/Extract),Ocimene (mg/g) Additional (Infused Products),combined_once,combined_once,Terpenes|matrix_or_product_type|Ocimene|LOQ,Terpenes|matrix_or_product_type|Ocimene 1|MU,Internal component only; missing blank no-peak zero or negative becomes used 0; every positive value is retained without component LOQ; MU lookup is required only when used value is positive.
D-Limonene,direct_reportable_channel,Limonene,,Limonene (%) Additional (Raw Plant Material & Concentrate/Extract),Limonene (mg/g) Additional (Infused Products),true,true,Terpenes|matrix_or_product_type|Limonene|LOQ,Terpenes|matrix_or_product_type|Limonene|MU,Direct unrounded ug/g result.
p-Cymene,direct_reportable_channel,P-Isopropyltoluene (P-Cymene),,P-Isopropyltoluene (P-Cymene) (%) Additional (Raw Plant Material & Concentrate/Extract),P-Isopropyltoluene (P-Cymene) (mg/g) Additional (Infused Products),true,true,Terpenes|matrix_or_product_type|P-Isopropyltoluene (P-Cymene)|LOQ,Terpenes|matrix_or_product_type|P-Isopropyltoluene (P-Cymene)|MU,Use the P-Isopropyltoluene (P-Cymene) field; do not use generic Cymene.
Ocimene 2,combined_component_channel,Ocimene,Ocimene,Ocimene (%) Additional (Raw Plant Material & Concentrate/Extract),Ocimene (mg/g) Additional (Infused Products),combined_once,combined_once,Terpenes|matrix_or_product_type|Ocimene|LOQ,Terpenes|matrix_or_product_type|Ocimene 2|MU,Internal component only; missing blank no-peak zero or negative becomes used 0; every positive value is retained without component LOQ; MU lookup is required only when used value is positive.
Eucalyptol,direct_reportable_channel,Eucalyptol,,Eucalyptol (%) Additional (Raw Plant Material & Concentrate/Extract),Eucalyptol (mg/g) Additional (Infused Products),true,true,Terpenes|matrix_or_product_type|Eucalyptol|LOQ,Terpenes|matrix_or_product_type|Eucalyptol|MU,Direct unrounded ug/g result.
Gamma terpinene,direct_reportable_channel,Gamma-Terpinene,,Gamma-Terpinene (%) Additional (Raw Plant Material & Concentrate/Extract),Gamma-Terpinene (mg/g) Additional (Infused Products),true,true,Terpenes|matrix_or_product_type|Gamma-Terpinene|LOQ,Terpenes|matrix_or_product_type|Gamma-Terpinene|MU,Direct unrounded ug/g result.
Terpinolene,direct_reportable_channel,Terpinolene,,Terpinolene (%) Additional (Raw Plant Material & Concentrate/Extract),Terpinolene (mg/g) Additional (Infused Products),true,true,Terpenes|matrix_or_product_type|Terpinolene|LOQ,Terpenes|matrix_or_product_type|Terpinolene|MU,Direct unrounded ug/g result; do not use Terpineol.
Linalool,direct_reportable_channel,Linalool,,Linalool (%) Additional (Raw Plant Material & Concentrate/Extract),Linalool (mg/g) Additional (Infused Products),true,true,Terpenes|matrix_or_product_type|Linalool|LOQ,Terpenes|matrix_or_product_type|Linalool|MU,Direct unrounded ug/g result.
(-)-Isopulegol,direct_reportable_channel,Isopulegol,,Isopulegol (%) Additional (Raw Plant Material & Concentrate/Extract),Isopulegol (mg/g) Additional (Infused Products),true,true,Terpenes|matrix_or_product_type|Isopulegol|LOQ,Terpenes|matrix_or_product_type|Isopulegol|MU,Direct unrounded ug/g result.
Geraniol,direct_reportable_channel,Geraniol,,Geraniol (%) Additional (Raw Plant Material & Concentrate/Extract),Geraniol (mg/g) Additional (Infused Products),true,true,Terpenes|matrix_or_product_type|Geraniol|LOQ,Terpenes|matrix_or_product_type|Geraniol|MU,Direct unrounded ug/g result.
beta-Caryophyllene,direct_reportable_channel,Beta-Caryophyllene,,Beta-Caryophyllene (%) Additional (Raw Plant Material & Concentrate/Extract),Beta-Caryophyllene (mg/g) Additional (Infused Products),true,true,Terpenes|matrix_or_product_type|Beta-Caryophyllene|LOQ,Terpenes|matrix_or_product_type|Beta-Caryophyllene|MU,Direct unrounded ug/g result.
alpha-Humulene,direct_reportable_channel,Alpha-Humulene,,Alpha-Humulene (%) Additional (Raw Plant Material & Concentrate/Extract),Alpha-Humulene (mg/g) Additional (Infused Products),true,true,Terpenes|matrix_or_product_type|Alpha-Humulene|LOQ,Terpenes|matrix_or_product_type|Alpha-Humulene|MU,Direct unrounded ug/g result.
Nerolidol 1,combined_component_channel,Nerolidol,Nerolidol,Nerolidol (%) Additional (Raw Plant Material & Concentrate/Extract),Nerolidol (mg/g) Additional (Infused Products),combined_once,combined_once,Terpenes|matrix_or_product_type|Nerolidol|LOQ,Terpenes|matrix_or_product_type|Nerolidol 1|MU,Internal component only; missing blank no-peak zero or negative becomes used 0; every positive value is retained without component LOQ; MU lookup is required only when used value is positive; do not use Cis-Nerolidol.
Nerolidol 2,combined_component_channel,Nerolidol,Nerolidol,Nerolidol (%) Additional (Raw Plant Material & Concentrate/Extract),Nerolidol (mg/g) Additional (Infused Products),combined_once,combined_once,Terpenes|matrix_or_product_type|Nerolidol|LOQ,Terpenes|matrix_or_product_type|Nerolidol 2|MU,Internal component only; missing blank no-peak zero or negative becomes used 0; every positive value is retained without component LOQ; MU lookup is required only when used value is positive; do not use Cis-Nerolidol.
(-)-Guaiol,direct_reportable_channel,Guaiol,,Guaiol (%) Additional (Raw Plant Material & Concentrate/Extract),Guaiol (mg/g) Additional (Infused Products),true,true,Terpenes|matrix_or_product_type|Guaiol|LOQ,Terpenes|matrix_or_product_type|Guaiol|MU,Direct unrounded ug/g result.
Caryophyllene oxide,direct_reportable_channel,Caryophyllene Oxide,,Caryophyllene Oxide (%) Additional (Raw Plant Material & Concentrate/Extract),Caryophyllene Oxide (mg/g) Additional (Infused Products),true,true,Terpenes|matrix_or_product_type|Caryophyllene Oxide|LOQ,Terpenes|matrix_or_product_type|Caryophyllene Oxide|MU,Direct unrounded ug/g result.
(-)-alpha-Bisabolol,direct_reportable_channel,Alpha-Bisabolol,,Alpha-Bisabolol (%) Additional (Raw Plant Material & Concentrate/Extract),Alpha-Bisabolol (mg/g) Additional (Infused Products),true,true,Terpenes|matrix_or_product_type|Alpha-Bisabolol|LOQ,Terpenes|matrix_or_product_type|Alpha-Bisabolol|MU,Direct unrounded ug/g result.
Dimethylacetamide,audit_only,,,,,false,false,,,Not a terpene result; retain only for audit and QC context.
Peak Table,audit_only,,,,,false,false,,,Retain peak-table context only for audit and QC; never map as a reportable result.
